begin,end,id,text,prep_verbal,prep_read
8.5,10.917,R091-S01-T001-U000001,"""넷플릭스 스페셜""",넷플릭스 스페셜,넷플릭스 스페셜
11.0,12.917,R091-S01-T001-U000002,[잔잔한 파도 소리],,잔잔한 파도 소리
16.0,18.25,R091-S01-T001-U000003,[반짝이는 효과음],,반짝이는 효과음
18.333,20.333,R091-S01-T001-U000004,[코 골며 쌔근쌔근 자는 소리],,코 골며 쌔근쌔근 자는 소리
20.417,21.583,R091-S01-T001-U000005,[부드러운 음악],,부드러운 음악
21.667,22.667,R091-S01-T001-U000006,[레드가 계속 신음한다],,레드가 계속 신음한다
26.0,28.125,R091-S01-T001-U000007,[기쁜 숨소리],,기쁜 숨소리
33.792,35.125,R091-S01-T001-U000008,[절규한다],,절규한다
38.0,39.125,R091-S01-T001-U000009,[괴로운 신음],,괴로운 신음
39.875,40.75,R091-S01-T001-U000010,[오열한다],,오열한다
43.667,45.792,R091-S01-T001-U000011,[신비로운 음악],,신비로운 음악
54.625,56.708,R091-S01-T001-U000012,[반짝이는 효과음],,반짝이는 효과음
58.0,59.792,R091-S01-T001-U000013,[앓는 소리],,앓는 소리
67.0,68.458,R091-S01-T001-U000014,[오묘한 효과음],,오묘한 효과음
74.667,76.792,R091-S01-T001-U000015,[끙끙대는 레드][갈매기가 운다],,끙끙대는 레드 갈매기가 운다
76.875,78.0,R091-S01-T001-U000016,[잔잔한 파도 소리],,잔잔한 파도 소리
78.833,79.917,R091-S01-T001-U000017,[마른 숨소리],,마른 숨소리
81.833,82.667,R091-S01-T001-U000018,[힘겨운 숨소리],,힘겨운 숨소리
82.75,84.0,R091-S01-T001-U000019,[흐느낀다],,흐느낀다
85.292,86.458,R091-S01-T001-U000020,[옐로우가 킁킁댄다],,옐로우가 킁킁댄다
87.0,88.625,R091-S01-T001-U000021,[옐로우가 낄낄대며 코를 마신다],,옐로우가 낄낄대며 코를 마신다
88.708,89.542,R091-S01-T001-U000022,[옅은 한숨],,옅은 한숨
90.042,91.042,R091-S01-T001-U000023,헤헤,헤헤,헤헤
91.958,92.792,R091-S01-T001-U000024,[옐로우의 웃음],,옐로우의 웃음
92.875,94.25,R091-S01-T001-U000025,[익살스러운 음악][힘주는 소리],,익살스러운 음악 힘주는 소리
94.333,95.417,R091-S01-T001-U000026,[옐로우가 힘준다],,옐로우가 힘준다
95.5,96.667,R091-S01-T001-U000027,[레드가 놀란다][옐로우의 웃음],,레드가 놀란다 옐로우의 웃음
96.75,98.0,R091-S01-T001-U000028,[킁킁대며 힘주는 옐로우][첨벙],,킁킁대며 힘주는 옐로우 첨벙
98.083,99.375,R091-S01-T001-U000029,[레드가 한숨 쉰다],,레드가 한숨 쉰다
100.667,102.083,R091-S01-T001-U000030,[웃음],,웃음
102.583,103.417,R091-S01-T001-U000031,[놀란 숨소리],,놀란 숨소리
104.208,105.625,R091-S01-T001-U000032,[힘주는 소리][고조되는 음악],,힘주는 소리 고조되는 음악
105.708,107.667,R091-S01-T001-U000033,[옐로우의 당황한 숨소리][레드의 놀란 신음],,옐로우의 당황한 숨소리 레드의 놀란 신음
107.75,109.042,R091-S01-T001-U000034,[레드가 힘준다],,레드가 힘준다
109.125,110.5,R091-S01-T001-U000035,(옐로우) 오오!,오오 !,옐로우 오오 !
110.583,111.958,R091-S01-T001-U000036,[함께 당황한 숨소리],,함께 당황한 숨소리
112.042,113.75,R091-S01-T001-U000037,[함께 힘주는 소리],,함께 힘주는 소리
118.375,119.833,R091-S01-T001-U000038,(옐로우) 악![물고기의 새된 소리],악 !,옐로우 악 ! 물고기의 새된 소리
119.917,120.917,R091-S01-T001-U000039,[옐로우의 다급한 신음],,옐로우의 다급한 신음
121.0,123.042,R091-S01-T001-U000040,[옐로우의 의아한 숨소리][흥미로운 음악],,옐로우의 의아한 숨소리 흥미로운 음악
123.125,124.167,R091-S01-T001-U000041,(레드와 옐로우) 헉!,헉 !,레드와 옐로우 헉 !
125.167,126.0,R091-S01-T001-U000042,[작은 탄성],,작은 탄성
127.25,128.542,R091-S01-T001-U000043,[옐로우가 침을 꿀꺽 삼킨다],,옐로우가 침을 꿀꺽 삼킨다
128.625,129.625,R091-S01-T001-U000044,[레드가 힘준다],,레드가 힘준다
131.0,132.083,R091-S01-T001-U000045,[괴로워하는 신음],,괴로워하는 신음
132.167,133.042,R091-S01-T001-U000046,에잇!,에잇 !,에잇 !
136.042,138.167,R091-S01-T001-U000047,[낑낑거린다][긴장되는 음악],,낑낑거린다 긴장되는 음악
138.958,140.5,R091-S01-T001-U000048,[사악하게 웃는다][물고기의 울음],,사악하게 웃는다 물고기의 울음
140.583,141.417,R091-S01-T001-U000049,[옐로우가 놀란다],,옐로우가 놀란다
141.5,143.0,R091-S01-T001-U000050,[물고기의 새된 울음],,물고기의 새된 울음
143.083,144.333,R091-S01-T001-U000051,[긴박한 음악],,긴박한 음악
145.292,146.375,R091-S01-T001-U000052,[함께 비명을 지른다],,함께 비명을 지른다
146.458,147.833,R091-S01-T001-U000053,[물고기가 낑낑댄다],,물고기가 낑낑댄다
147.917,148.917,R091-S01-T001-U000054,[라바들 당황한 숨소리],,라바들 당황한 숨소리
154.708,156.875,R091-S01-T001-U000055,[늘어지는 효과음][물고기의 못마땅한 숨소리],,늘어지는 효과음 물고기의 못마땅한 숨소리
156.958,158.583,R091-S01-T001-U000056,[물고기의 새된 비명][옐로우의 비명],,물고기의 새된 비명 옐로우의 비명
158.667,159.5,R091-S01-T001-U000057,[라바들 놀란다],,라바들 놀란다
160.5,162.292,R091-S01-T001-U000058,[라바들 당황한 숨소리][고조되는 북소리],,라바들 당황한 숨소리 고조되는 북소리
163.25,164.542,R091-S01-T001-U000059,[징징대는 물고기],,징징대는 물고기
164.625,166.0,R091-S01-T001-U000060,[함께 비명을 지른다],,함께 비명을 지른다
170.208,171.083,R091-S01-T001-U000061,[갈매기 울음],,갈매기 울음
171.667,173.542,R091-S01-T001-U000062,칵![숨을 몰아쉰다],칵 !,칵 ! 숨을 몰아쉰다
173.625,174.708,R091-S01-T001-U000063,[놀란 신음],,놀란 신음
174.792,176.333,R091-S01-T001-U000064,[계속 비명을 지른다],,계속 비명을 지른다
177.083,178.167,R091-S01-T001-U000065,[헉헉댄다],,헉헉댄다
178.792,179.917,R091-S01-T001-U000066,[절규한다],,절규한다
181.833,182.667,R091-S01-T001-U000067,[놀란 신음],,놀란 신음
182.75,183.75,R091-S01-T001-U000068,[반짝이는 효과음],,반짝이는 효과음
185.375,186.25,R091-S01-T001-U000069,[낄낄댄다],,낄낄댄다
187.042,188.375,R091-S01-T001-U000070,[웃음][힘주는 소리],,웃음 힘주는 소리
188.458,190.042,R091-S01-T001-U000071,[당황한 숨소리],,당황한 숨소리
190.833,191.708,R091-S01-T001-U000072,[괴로운 숨소리],,괴로운 숨소리
191.792,192.792,R091-S01-T001-U000073,(옐로우) 악!,악 !,옐로우 악 !
192.875,194.0,R091-S01-T001-U000074,[숨을 헐떡인다],,숨을 헐떡인다
194.875,196.083,R091-S01-T001-U000075,[힘주는 소리],,힘주는 소리
196.917,198.0,R091-S01-T001-U000076,아악!,아악 !,아악 !
198.083,198.917,R091-S01-T001-U000077,쳇!,쳇 !,쳇 !
201.833,203.5,R091-S01-T001-U000078,[낄낄댄다][힘주는 소리],,낄낄댄다 힘주는 소리
204.333,207.708,R091-S01-T001-U000079,[라바들이 차례로 비명을 지른다],,라바들이 차례로 비명을 지른다
207.792,208.792,R091-S01-T001-U000080,(함께) 꺅!,꺅 !,함께 꺅 !
209.625,211.0,R091-S01-T001-U000081,[숨을 헐떡인다],,숨을 헐떡인다
212.0,213.542,R091-S01-T001-U000082,[킁킁댄다][만족한 숨소리],,킁킁댄다 만족한 숨소리
214.5,216.083,R091-S01-T001-U000083,[옐로우가 헉헉댄다][훌쩍이는 레드],,옐로우가 헉헉댄다 훌쩍이는 레드
216.167,217.792,R091-S01-T001-U000084,[함께 감격한다][뱃고동이 울린다],,함께 감격한다 뱃고동이 울린다
217.875,219.917,R091-S01-T001-U000085,[불길한 음악][라바들의 비명],,불길한 음악 라바들의 비명
221.417,222.917,R091-S01-T001-U000086,[함께 계속 울부짖는다],,함께 계속 울부짖는다
225.542,227.042,R091-S01-T001-U000087,[비명],,비명
227.625,228.75,R091-S01-T001-U000088,꺅!,꺅 !,꺅 !
231.042,232.333,R091-S01-T001-U000089,[갈매기가 운다],,갈매기가 운다
232.417,234.0,R091-S01-T001-U000090,[의미심장한 음악],,의미심장한 음악
251.75,254.0,R091-S01-T001-U000091,[상쾌한 음악],,상쾌한 음악
263.5,264.708,R091-S01-T001-U000092,[긴장되는 음악],,긴장되는 음악
266.042,267.542,R091-S01-T001-U000093,[벌레들 떨리는 숨소리],,벌레들 떨리는 숨소리
267.625,269.167,R091-S01-T001-U000094,[고양이가 가르릉 운다][구두 소리],,고양이가 가르릉 운다 구두 소리
270.25,271.083,R091-S01-T001-U000095,[놀란 숨소리],,놀란 숨소리
273.333,274.333,R091-S01-T001-U000096,[겁먹은 신음],,겁먹은 신음
274.917,276.542,R091-S01-T001-U000097,[구두 소리][벌레들 신음이 이어진다],,구두 소리 벌레들 신음이 이어진다
281.583,282.583,R091-S01-T001-U000098,[긴장한 숨소리],,긴장한 숨소리
284.417,285.792,R091-S01-T001-U000099,[달칵 열린다][놀란 숨소리],,달칵 열린다 놀란 숨소리
287.375,288.375,R091-S01-T001-U000100,[낑낑거린다],,낑낑거린다
290.5,291.75,R091-S01-T001-U000101,[계속 신음한다],,계속 신음한다
291.833,293.083,R091-S01-T001-U000102,[놀란 숨소리],,놀란 숨소리
293.167,294.292,R091-S01-T001-U000103,[구두 소리],,구두 소리
295.708,296.875,R091-S01-T001-U000104,[불길한 음악],,불길한 음악
297.833,299.5,R091-S01-T001-U000105,[계속 끙끙댄다],,계속 끙끙댄다
301.458,302.875,R091-S01-T001-U000106,[힘주는 소리][침이 탁 꽂힌다],,힘주는 소리 침이 탁 꽂힌다
302.958,304.042,R091-S01-T001-U000107,[남자 1이 신음한다],,남자 이 신음한다
307.583,308.5,R091-S01-T001-U000108,[방울 소리],,방울 소리
309.0,310.0,R091-S01-T001-U000109,[고양이가 가르릉 운다],,고양이가 가르릉 운다
312.292,313.792,R091-S01-T001-U000110,[고조되는 음악][긴장한 숨소리],,고조되는 음악 긴장한 숨소리
315.25,316.417,R091-S01-T001-U000111,[긴박한 효과음],,긴박한 효과음
318.0,319.083,R091-S01-T001-U000112,[계속 떠는 숨소리],,계속 떠는 숨소리
320.708,321.958,R091-S01-T001-U000113,[방울 소리],,방울 소리
322.042,323.208,R091-S01-T001-U000114,[콧소리를 내며 깔깔댄다],,콧소리를 내며 깔깔댄다
324.542,325.542,R091-S01-T001-U000115,"오, 오, 오, 오!","오 , 오 , 오 , 오 !","오 , 오 , 오 , 오 !"
325.625,326.458,R091-S01-T001-U000116,[옐로우의 웃음],,옐로우의 웃음
326.542,327.5,R091-S01-T001-U000117,[한숨],,한숨
327.583,329.292,R091-S01-T001-U000118,[옐로우의 웃음이 이어진다][방울 소리],,옐로우의 웃음이 이어진다 방울 소리
331.667,333.0,R091-S01-T001-U000119,[만족한 숨소리][웃음],,만족한 숨소리 웃음
333.625,335.208,R091-S01-T001-U000120,[성난 신음][옐로우의 겁먹은 신음],,성난 신음 옐로우의 겁먹은 신음
337.0,338.375,R091-S01-T001-U000121,[옐로우의 당황한 숨소리],,옐로우의 당황한 숨소리
338.458,339.458,R091-S01-T001-U000122,[레드가 깔깔댄다],,레드가 깔깔댄다
339.542,340.75,R091-S01-T001-U000123,[옐로우가 킁킁댄다],,옐로우가 킁킁댄다
340.833,341.75,R091-S01-T001-U000124,[기쁜 숨소리],,기쁜 숨소리
341.833,343.083,R091-S01-T001-U000125,[반짝이는 효과음],,반짝이는 효과음
343.917,345.25,R091-S01-T001-U000126,[신난 숨소리],,신난 숨소리
345.333,346.458,R091-S01-T001-U000127,[레드의 아파하는 신음],,레드의 아파하는 신음
346.542,347.917,R091-S01-T001-U000128,[성난 신음][놀란 신음],,성난 신음 놀란 신음
348.0,349.042,R091-S01-T001-U000129,[몽환적인 음악],,몽환적인 음악
349.125,349.958,R091-S01-T001-U000130,[레드의 웃음],,레드의 웃음
351.0,352.0,R091-S01-T001-U000131,[레드가 낄낄댄다],,레드가 낄낄댄다
352.083,353.125,R091-S01-T001-U000132,[놀란 숨소리],,놀란 숨소리
353.708,354.792,R091-S01-T001-U000133,[긴장한 숨소리],,긴장한 숨소리
356.167,357.0,R091-S01-T001-U000134,흥!,흥 !,흥 !
357.542,358.875,R091-S01-T001-U000135,[의아한 숨소리],,의아한 숨소리
361.042,363.375,R091-S01-T001-U000136,[고양이가 가르릉 운다][불길한 음악],,고양이가 가르릉 운다 불길한 음악
367.042,368.167,R091-S01-T001-U000137,[날카로운 효과음],,날카로운 효과음
370.583,371.5,R091-S01-T001-U000138,[도로 소음],,도로 소음
375.625,377.125,R091-S01-T001-U000139,[옐로우의 신음][함께 놀란다],,옐로우의 신음 함께 놀란다
377.708,378.792,R091-S01-T001-U000140,[반짝이는 효과음],,반짝이는 효과음
379.375,380.625,R091-S01-T001-U000141,헤헤,헤헤,헤헤
380.708,382.042,R091-S01-T001-U000142,[방울 소리][불길한 음악],,방울 소리 불길한 음악
384.583,385.833,R091-S01-T001-U000143,[떠는 숨소리],,떠는 숨소리
388.208,389.375,R091-S01-T001-U000144,[옐로우가 하하 웃는다],,옐로우가 하하 웃는다
389.458,391.25,R091-S01-T001-U000145,[신나는 음악],,신나는 음악
391.333,392.167,R091-S01-T001-U000146,[만족한 숨소리],,만족한 숨소리
392.75,395.5,R091-S01-T001-U000147,[신난 탄성],,신난 탄성
398.958,399.875,R091-S01-T001-U000148,[꺽 트림한다],,꺽 트림한다
400.542,401.917,R091-S01-T001-U000149,[만족한 숨소리],,만족한 숨소리
402.625,403.5,R091-S01-T001-U000150,오!,오 !,오 !
405.458,406.458,R091-S01-T001-U000151,헤헤,헤헤,헤헤
409.0,409.833,R091-S01-T001-U000152,[고조의 효과음],,고조의 효과음
409.917,411.125,R091-S01-T001-U000153,[옐로우가 고함친다],,옐로우가 고함친다
411.208,412.333,R091-S01-T001-U000154,[계속 끙끙대는 옐로우],,계속 끙끙대는 옐로우
413.708,414.625,R091-S01-T001-U000155,[레드의 의아한 신음],,레드의 의아한 신음
414.708,415.917,R091-S01-T001-U000156,[옐로우가 포효한다],,옐로우가 포효한다
416.625,417.667,R091-S01-T001-U000157,[좌절 효과음],,좌절 효과음
417.75,419.25,R091-S01-T001-U000158,[애잔한 음악][남자 2의 놀란 신음],,애잔한 음악 남자 의 놀란 신음
419.333,420.5,R091-S01-T001-U000159,[남자 2가 흐느낀다],,남자 가 흐느낀다
421.958,423.208,R091-S01-T001-U000160,[함께 기겁한다],,함께 기겁한다
423.292,424.667,R091-S01-T001-U000161,[무서운 음악],,무서운 음악
425.167,426.458,R091-S01-T001-U000162,[라바들의 절규],,라바들의 절규
427.875,429.208,R091-S01-T001-U000163,[박진감 넘치는 음악][다급한 신음],,박진감 넘치는 음악 다급한 신음
429.292,432.333,R091-S01-T001-U000164,[라바들이 끽끽댄다],,라바들이 끽끽댄다
432.833,434.458,R091-S01-T001-U000165,[라바들이 비명을 지른다],,라바들이 비명을 지른다
434.542,435.625,R091-S01-T001-U000166,[옐로우가 콜록댄다],,옐로우가 콜록댄다
435.708,437.375,R091-S01-T001-U000167,[아파하는 숨소리],,아파하는 숨소리
438.667,439.542,R091-S01-T001-U000168,[기겁하는 신음],,기겁하는 신음
440.667,441.583,R091-S01-T001-U000169,꺅!,꺅 !,꺅 !
447.125,448.167,R091-S01-T001-U000170,[놀란 숨소리],,놀란 숨소리
449.375,450.708,R091-S01-T001-U000171,[남자 2가 계속 흐느낀다],,남자 가 계속 흐느낀다
452.958,454.0,R091-S01-T001-U000172,[철썩 소리][비명],,철썩 소리 비명
454.792,456.042,R091-S01-T001-U000173,[기합],,기합
459.0,459.833,R091-S01-T001-U000174,[레드의 비명],,레드의 비명
461.667,462.708,R091-S01-T001-U000175,[놀란 숨소리],,놀란 숨소리
463.5,464.333,R091-S01-T001-U000176,[겁먹은 숨소리],,겁먹은 숨소리
466.542,467.375,R091-S01-T001-U000177,[숨을 탁 내뱉는다],,숨을 탁 내뱉는다
468.333,469.167,R091-S01-T001-U000178,[의아한 숨소리],,의아한 숨소리
469.25,471.208,R091-S01-T001-U000179,[계속 지지직거린다],,계속 지지직거린다
472.042,473.333,R091-S01-T001-U000180,[흥분한 숨소리],,흥분한 숨소리
473.875,474.792,R091-S01-T001-U000181,[낄낄댄다],,낄낄댄다
474.875,476.25,R091-S01-T001-U000182,[남자 2가 계속 흐느낀다],,남자 가 계속 흐느낀다
476.333,477.292,R091-S01-T001-U000183,[여유로운 웃음],,여유로운 웃음
477.375,478.333,R091-S01-T001-U000184,[놀란 숨소리],,놀란 숨소리
480.625,481.542,R091-S01-T001-U000185,[방울 소리],,방울 소리
482.625,484.5,R091-S01-T001-U000186,[가르릉 운다],,가르릉 운다
485.375,486.5,R091-S01-T001-U000187,[방울 소리],,방울 소리
487.292,488.417,R091-S01-T001-U000188,[반짝이는 효과음],,반짝이는 효과음
489.083,490.25,R091-S01-T001-U000189,[의아한 숨소리],,의아한 숨소리
490.333,491.792,R091-S01-T001-U000190,[설레는 효과음],,설레는 효과음
492.458,493.5,R091-S01-T001-U000191,[기쁜 숨소리],,기쁜 숨소리
498.042,498.958,R091-S01-T001-U000192,[새된 울음][방울 소리],,새된 울음 방울 소리
503.042,504.083,R091-S01-T001-U000193,[힘겨운 신음],,힘겨운 신음
504.167,505.417,R091-S01-T001-U000194,[레드의 비명][의아한 신음],,레드의 비명 의아한 신음
506.042,507.708,R091-S01-T001-U000195,[레드가 새된 소리를 지른다],,레드가 새된 소리를 지른다
507.792,510.208,R091-S01-T001-U000196,[초조한 숨소리],,초조한 숨소리
512.917,514.542,R091-S01-T001-U000197,[레드의 외마디 비명][힘주는 옐로우],,레드의 외마디 비명 힘주는 옐로우
514.625,515.625,R091-S01-T001-U000198,[레드의 안도한 숨소리],,레드의 안도한 숨소리
515.708,516.875,R091-S01-T001-U000199,[레드가 성낸다][옐로우의 웃음],,레드가 성낸다 옐로우의 웃음
516.958,518.083,R091-S01-T001-U000200,[레드의 놀란 신음],,레드의 놀란 신음
518.167,519.25,R091-S01-T001-U000201,[가르릉 운다],,가르릉 운다
519.875,520.875,R091-S01-T001-U000202,[레드의 맥없는 신음],,레드의 맥없는 신음
520.958,522.125,R091-S01-T001-U000203,[다급한 신음],,다급한 신음
522.208,523.417,R091-S01-T001-U000204,[라바들의 비명],,라바들의 비명
523.5,524.333,R091-S01-T001-U000205,[덜커덩 깡통 소리],,덜커덩 깡통 소리
524.417,525.375,R091-S01-T001-U000206,[긴박한 음악],,긴박한 음악
526.208,527.208,R091-S01-T001-U000207,[라바들이 헉헉댄다],,라바들이 헉헉댄다
527.833,528.667,R091-S01-T001-U000208,[살피는 숨소리],,살피는 숨소리
532.167,533.167,R091-S01-T001-U000209,[레드의 비명],,레드의 비명
536.292,538.042,R091-S01-T001-U000210,[라바들이 괴성을 지른다],,라바들이 괴성을 지른다
539.208,540.292,R091-S01-T001-U000211,[경악하는 숨소리],,경악하는 숨소리
541.333,542.542,R091-S01-T001-U000212,[무거운 음악],,무거운 음악
542.625,544.333,R091-S01-T001-U000213,[레드의 놀란 숨소리][아우성친다],,레드의 놀란 숨소리 아우성친다
544.958,546.0,R091-S01-T001-U000214,[날카로운 쇳소리],,날카로운 쇳소리
546.083,547.042,R091-S01-T001-U000215,[옐로우의 신음],,옐로우의 신음
547.583,548.708,R091-S01-T001-U000216,[라바들의 다급한 숨소리],,라바들의 다급한 숨소리
548.792,549.792,R091-S01-T001-U000217,[뿡][흥겨운 음악],,뿡 흥겨운 음악
549.875,551.083,R091-S01-T001-U000218,[라바들이 악쓴다],,라바들이 악쓴다
553.25,554.5,R091-S01-T001-U000219,[고양이의 새된 울음],,고양이의 새된 울음
555.083,556.458,R091-S01-T001-U000220,[라바들이 숨을 헐떡인다],,라바들이 숨을 헐떡인다
561.75,562.583,R091-S01-T001-U000221,[달칵],,달칵
562.667,564.625,R091-S01-T001-U000222,[경쾌한 게임 음악],,경쾌한 게임 음악
566.333,567.5,R091-S01-T001-U000223,[옐로우의 겁먹은 신음],,옐로우의 겁먹은 신음
567.583,568.708,R091-S01-T001-U000224,[라바들이 비명 지른다],,라바들이 비명 지른다
570.458,571.375,R091-S01-T001-U000225,[고양이의 새된 울음],,고양이의 새된 울음
572.917,574.083,R091-S01-T001-U000226,[옐로우의 웃음](라바) 얍!,얍 !,옐로우의 웃음 라바 얍 !
574.167,575.25,R091-S01-T001-U000227,[당황한 신음],,당황한 신음
575.917,576.833,R091-S01-T001-U000228,[고양이의 새된 울음],,고양이의 새된 울음
577.417,578.667,R091-S01-T001-U000229,[라바들의 다급한 숨소리],,라바들의 다급한 숨소리
580.833,581.708,R091-S01-T001-U000230,[고양이의 새된 울음],,고양이의 새된 울음
581.792,582.792,R091-S01-T001-U000231,[라바들이 헐떡인다],,라바들이 헐떡인다
585.917,586.917,R091-S01-T001-U000232,[라바들이 힘준다],,라바들이 힘준다
587.0,588.292,R091-S01-T001-U000233,[라바들의 다급한 숨소리],,라바들의 다급한 숨소리
588.375,589.583,R091-S01-T001-U000234,[고양이의 새된 울음],,고양이의 새된 울음
592.0,592.875,R091-S01-T001-U000235,[라바들이 깔깔댄다],,라바들이 깔깔댄다
592.958,593.958,R091-S01-T001-U000236,[옐로우가 힘준다],,옐로우가 힘준다
594.5,596.333,R091-S01-T001-U000237,[고양이의 새된 울음],,고양이의 새된 울음
596.417,597.625,R091-S01-T001-U000238,[고양이의 짜증 난 울음],,고양이의 짜증 난 울음
597.708,598.917,R091-S01-T001-U000239,[레드가 헉헉댄다],,레드가 헉헉댄다
599.0,600.083,R091-S01-T001-U000240,(옐로우) 에잇!,에잇 !,옐로우 에잇 !
601.0,603.042,R091-S01-T001-U000241,[고양이의 새된 울음][라바들의 비명],,고양이의 새된 울음 라바들의 비명
605.5,607.25,R091-S01-T001-U000242,[라바들의 다급한 숨소리],,라바들의 다급한 숨소리
607.333,608.292,R091-S01-T001-U000243,(레드) 악!,악 !,레드 악 !
610.125,611.875,R091-S01-T001-U000244,[레드의 놀란 숨소리](옐로우) 우아!,우아 !,레드의 놀란 숨소리 옐로우 우아 !
611.958,613.208,R091-S01-T001-U000245,[옐로우가 환호한다],,옐로우가 환호한다
614.708,615.542,R091-S01-T001-U000246,[옐로우의 웃음],,옐로우의 웃음
615.625,616.958,R091-S01-T001-U000247,[레드의 웃음](옐로우) 우아!,우아 !,레드의 웃음 옐로우 우아 !
617.042,618.042,R091-S01-T001-U000248,[레드의 기합],,레드의 기합
620.167,621.083,R091-S01-T001-U000249,[옐로우의 놀란 신음],,옐로우의 놀란 신음
621.167,622.458,R091-S01-T001-U000250,[레드가 횡설수설한다],,레드가 횡설수설한다
623.458,624.458,R091-S01-T001-U000251,[옐로우가 비명 지른다],,옐로우가 비명 지른다
627.125,628.25,R091-S01-T001-U000252,[레드의 신음],,레드의 신음
628.333,629.458,R091-S01-T001-U000253,[옐로우의 당황한 숨소리],,옐로우의 당황한 숨소리
629.542,630.708,R091-S01-T001-U000254,[레드의 힘겨운 신음],,레드의 힘겨운 신음
630.792,632.167,R091-S01-T001-U000255,[라바들이 고함 지른다],,라바들이 고함 지른다
633.25,634.083,R091-S01-T001-U000256,[흥겨운 음악],,흥겨운 음악
634.167,635.292,R091-S01-T001-U000257,[라바들의 계속되는 비명],,라바들의 계속되는 비명
640.375,642.458,R091-S01-T001-U000258,[옐로우의 겁먹은 숨소리][레드의 요란한 방귀],,옐로우의 겁먹은 숨소리 레드의 요란한 방귀
644.458,645.458,R091-S01-T001-U000259,[레드의 외마디 비명],,레드의 외마디 비명
646.458,647.75,R091-S01-T001-U000260,[옐로우의 다급한 숨소리],,옐로우의 다급한 숨소리
647.833,649.0,R091-S01-T001-U000261,[고양이가 가르릉 운다],,고양이가 가르릉 운다
649.708,650.917,R091-S01-T001-U000262,[옐로우의 놀란 숨소리],,옐로우의 놀란 숨소리
652.75,654.708,R091-S01-T001-U000263,[고양이의 새된 울음][옐로우의 괴성],,고양이의 새된 울음 옐로우의 괴성
654.792,656.375,R091-S01-T001-U000264,[옐로우가 숨을 헐떡인다],,옐로우가 숨을 헐떡인다
656.458,657.792,R091-S01-T001-U000265,(옐로우) 오![다급한 숨소리],오 !,옐로우 오 ! 다급한 숨소리
657.875,659.292,R091-S01-T001-U000266,[방울 소리][고양이의 새된 울음],,방울 소리 고양이의 새된 울음
659.375,660.458,R091-S01-T001-U000267,[긴장되는 음악],,긴장되는 음악
661.875,664.5,R091-S01-T001-U000268,[다가오는 고양이 발소리],,다가오는 고양이 발소리
664.583,666.125,R091-S01-T001-U000269,[숨을 헐떡인다],,숨을 헐떡인다
666.75,668.208,R091-S01-T001-U000270,[한숨 쉰다][요란한 방귀],,한숨 쉰다 요란한 방귀
668.75,669.75,R091-S01-T001-U000271,[고양이의 새된 울음],,고양이의 새된 울음
671.25,672.583,R091-S01-T001-U000272,[방울 소리],,방울 소리
674.333,675.75,R091-S01-T001-U000273,[고양이의 새된 울음][방울 소리],,고양이의 새된 울음 방울 소리
676.75,677.75,R091-S01-T001-U000274,[옐로우가 힘준다],,옐로우가 힘준다
677.833,679.833,R091-S01-T001-U000275,[옐로우가 헉헉댄다][고양이의 새된 울음],,옐로우가 헉헉댄다 고양이의 새된 울음
680.375,682.083,R091-S01-T001-U000276,[레드가 옹알댄다][옐로우가 놀란다],,레드가 옹알댄다 옐로우가 놀란다
682.625,683.75,R091-S01-T001-U000277,[레드의 괴로운 신음],,레드의 괴로운 신음
684.583,685.708,R091-S01-T001-U000278,휴우!,휴우 !,휴우 !
685.792,687.042,R091-S01-T001-U000279,[신비한 효과음],,신비한 효과음
688.208,689.75,R091-S01-T001-U000280,[옐로우의 의아한 신음],,옐로우의 의아한 신음
689.833,690.792,R091-S01-T001-U000281,[걱정하는 숨소리],,걱정하는 숨소리
692.417,693.292,R091-S01-T001-U000282,[기쁜 신음],,기쁜 신음
693.875,695.333,R091-S01-T001-U000283,[우당탕][옐로우의 다급한 신음],,우당탕 옐로우의 다급한 신음
695.417,696.333,R091-S01-T001-U000284,[고양이의 새된 울음],,고양이의 새된 울음
696.417,698.792,R091-S01-T001-U000285,[다급한 숨소리][흥미진진한 음악],,다급한 숨소리 흥미진진한 음악
702.042,703.083,R091-S01-T001-U000286,[방귀가 쉭 나온다],,방귀가 쉭 나온다
704.0,704.833,R091-S01-T001-U000287,[웃음],,웃음
705.5,706.917,R091-S01-T001-U000288,[옐로우의 괴성],,옐로우의 괴성
707.0,708.875,R091-S01-T001-U000289,[레드의 비명][레드가 뿡뿡댄다],,레드의 비명 레드가 뿡뿡댄다
710.25,711.917,R091-S01-T001-U000290,[빠른 방울 소리][다급한 숨소리],,빠른 방울 소리 다급한 숨소리
712.5,713.667,R091-S01-T001-U000291,[고양이가 쉭쉭댄다],,고양이가 쉭쉭댄다
714.667,715.625,R091-S01-T001-U000292,[고양이의 새된 울음],,고양이의 새된 울음
719.667,721.0,R091-S01-T001-U000293,[고양이의 당황한 신음],,고양이의 당황한 신음
722.083,723.875,R091-S01-T001-U000294,[옐로우가 주절댄다],,옐로우가 주절댄다
725.125,726.167,R091-S01-T001-U000295,[레드가 비명을 지른다],,레드가 비명을 지른다
728.0,730.042,R091-S01-T001-U000296,[옐로우의 신난 탄성],,옐로우의 신난 탄성
731.042,732.167,R091-S01-T001-U000297,[경쾌한 음악],,경쾌한 음악
735.792,737.25,R091-S01-T001-U000298,(옐로우) 오![고양이의 새된 울음],오 !,옐로우 오 ! 고양이의 새된 울음
738.333,739.417,R091-S01-T001-U000299,워!,워 !,워 !
740.75,742.667,R091-S01-T001-U000300,[옐로우의 당황한 숨소리],,옐로우의 당황한 숨소리
742.75,744.292,R091-S01-T001-U000301,[고조되는 음악],,고조되는 음악
746.708,748.5,R091-S01-T001-U000302,[옐로우가 고함을 지른다],,옐로우가 고함을 지른다
749.125,750.292,R091-S01-T001-U000303,(옐로우) 우아!,우아 !,옐로우 우아 !
753.458,754.792,R091-S01-T001-U000304,[고양이의 새된 울음],,고양이의 새된 울음
756.75,757.917,R091-S01-T001-U000305,[옐로우가 소리 지른다],,옐로우가 소리 지른다
758.0,759.125,R091-S01-T001-U000306,우아!,우아 !,우아 !
761.292,762.125,R091-S01-T001-U000307,[레드의 신음],,레드의 신음
762.208,763.583,R091-S01-T001-U000308,[괴로운 신음],,괴로운 신음
766.542,768.0,R091-S01-T001-U000309,[옐로우의 괴성][허무한 효과음],,옐로우의 괴성 허무한 효과음
769.333,770.417,R091-S01-T001-U000310,어?,어 ?,어 ?
770.5,771.375,R091-S01-T001-U000311,[남자 3이 절규한다],,남자 이 절규한다
772.167,773.333,R091-S01-T001-U000312,[사람들이 비명을 지른다],,사람들이 비명을 지른다
777.292,778.5,R091-S01-T001-U000313,[옐로우가 소리 지른다],,옐로우가 소리 지른다
779.375,780.375,R091-S01-T001-U000314,[고양이의 새된 울음],,고양이의 새된 울음
783.458,784.625,R091-S01-T001-U000315,[옐로우가 소리 지른다],,옐로우가 소리 지른다
785.25,786.583,R091-S01-T001-U000316,[옐로우가 헐떡인다],,옐로우가 헐떡인다
789.625,790.917,R091-S01-T001-U000317,[옐로우의 당황한 신음],,옐로우의 당황한 신음
791.0,792.042,R091-S01-T001-U000318,[옐로우의 단말마 비명],,옐로우의 단말마 비명
793.083,794.292,R091-S01-T001-U000319,[옐로우가 끽끽댄다],,옐로우가 끽끽댄다
798.0,799.417,R091-S01-T001-U000320,[옐로우가 괴성을 지른다],,옐로우가 괴성을 지른다
799.917,801.583,R091-S01-T001-U000321,[늘어지는 효과음][옐로우의 괴성],,늘어지는 효과음 옐로우의 괴성
802.292,803.333,R091-S01-T001-U000322,[극적인 효과음],,극적인 효과음
804.708,806.25,R091-S01-T001-U000323,[옐로우의 겁먹은 숨소리],,옐로우의 겁먹은 숨소리
807.708,808.708,R091-S01-T001-U000324,[아파하는 신음],,아파하는 신음
808.792,810.708,R091-S01-T001-U000325,[애교 섞인 웃음][떨리는 숨소리],,애교 섞인 웃음 떨리는 숨소리
810.792,812.208,R091-S01-T001-U000326,[의미심장한 음악][새된 울음],,의미심장한 음악 새된 울음
812.292,813.875,R091-S01-T001-U000327,[큰 방귀 소리][다급한 신음],,큰 방귀 소리 다급한 신음
814.458,815.542,R091-S01-T001-U000328,[기겁한 숨소리],,기겁한 숨소리
815.625,817.208,R091-S01-T001-U000329,[낮게 운다][의아한 신음],,낮게 운다 의아한 신음
818.667,819.625,R091-S01-T001-U000330,[옐로우가 흐느낀다],,옐로우가 흐느낀다
819.708,820.708,R091-S01-T001-U000331,[함께 놀란다],,함께 놀란다
821.875,823.167,R091-S01-T001-U000332,[타이어 마찰음][자동차 경적],,타이어 마찰음 자동차 경적
827.708,828.583,R091-S01-T001-U000333,[새된 울음],,새된 울음
834.0,835.375,R091-S01-T001-U000334,[평화로운 음악],,평화로운 음악
837.833,838.917,R091-S01-T001-U000335,[갈매기가 운다],,갈매기가 운다
840.25,841.292,R091-S01-T001-U000336,[그리워하는 숨소리],,그리워하는 숨소리
842.0,842.958,R091-S01-T001-U000337,[놀란 숨소리],,놀란 숨소리
843.042,844.333,R091-S01-T001-U000338,[잔잔한 파도 소리],,잔잔한 파도 소리
847.0,848.375,R091-S01-T001-U000339,[힘주는 소리],,힘주는 소리
855.458,856.625,R091-S01-T001-U000340,[망고의 안도하는 숨소리],,망고의 안도하는 숨소리
857.5,858.375,R091-S01-T001-U000341,[만족한 숨소리],,만족한 숨소리
858.958,859.792,R091-S01-T001-U000342,[웃음],,웃음
859.875,860.833,R091-S01-T001-U000343,[당황한 신음],,당황한 신음
862.917,864.0,R091-S01-T001-U000344,[망고가 힘준다],,망고가 힘준다
864.667,866.208,R091-S01-T001-U000345,[만족한 숨소리][신비로운 효과음],,만족한 숨소리 신비로운 효과음
866.292,867.792,R091-S01-T001-U000346,[북소리][힘주는 탄성],,북소리 힘주는 탄성
872.208,874.833,R091-S01-T001-U000347,[기쁜 숨소리],,기쁜 숨소리
874.917,876.583,R091-S01-T001-U000348,[의아한 숨소리][불안한 음악],,의아한 숨소리 불안한 음악
877.625,879.542,R091-S01-T001-U000349,[옐로우의 다급한 신음][고양이의 새된 울음],,옐로우의 다급한 신음 고양이의 새된 울음
880.375,881.375,R091-S01-T001-U000350,[겁먹은 숨소리],,겁먹은 숨소리
891.833,893.208,R091-S01-T001-U000351,[타이어 마찰음][자동차 경적],,타이어 마찰음 자동차 경적
896.625,897.875,R091-S01-T001-U000352,[레드가 끙끙댄다],,레드가 끙끙댄다
898.833,900.25,R091-S01-T001-U000353,[힘겨운 숨소리][아파하는 신음],,힘겨운 숨소리 아파하는 신음
900.333,901.167,R091-S01-T001-U000354,[놀란 숨소리],,놀란 숨소리
903.25,904.625,R091-S01-T001-U000355,[흐느낀다],,흐느낀다
909.375,910.792,R091-S01-T001-U000356,[툭 떨어진다][놀란 숨소리],,툭 떨어진다 놀란 숨소리
915.458,916.708,R091-S01-T001-U000357,아…[비명을 지른다],아,아 비명을 지른다
917.917,919.208,R091-S01-T001-U000358,[오싹한 음악],,오싹한 음악
919.292,920.167,R091-S01-T001-U000359,[떨리는 숨소리],,떨리는 숨소리
920.958,921.792,R091-S01-T001-U000360,[기겁하는 숨소리],,기겁하는 숨소리
926.667,927.583,R091-S01-T001-U000361,[안도하는 숨소리],,안도하는 숨소리
953.0,954.708,R091-S01-T001-U000362,[의미심장한 음악],,의미심장한 음악
954.792,955.875,R091-S01-T001-U000363,[숨을 탁 내뱉는다],,숨을 탁 내뱉는다
955.958,956.917,R091-S01-T001-U000364,[한숨],,한숨
957.0,958.0,R091-S01-T001-U000365,[안간힘 쓰는 기합],,안간힘 쓰는 기합
959.583,960.542,R091-S01-T001-U000366,[숨을 헐떡인다],,숨을 헐떡인다
963.458,964.5,R091-S01-T001-U000367,[숨을 몰아쉰다],,숨을 몰아쉰다
967.208,968.292,R091-S01-T001-U000368,[레드가 끙끙댄다],,레드가 끙끙댄다
968.875,969.875,R091-S01-T001-U000369,[고조되는 음악],,고조되는 음악
970.417,971.25,R091-S01-T001-U000370,[당황한 숨소리],,당황한 숨소리
971.333,972.167,R091-S01-T001-U000371,[쾅],,쾅
974.083,975.042,R091-S01-T001-U000372,[힘주는 소리],,힘주는 소리
976.667,978.125,R091-S01-T001-U000373,[흥미로운 음악],,흥미로운 음악
979.125,980.208,R091-S01-T001-U000374,[비장한 숨소리],,비장한 숨소리
980.292,981.417,R091-S01-T001-U000375,[고조되는 음악],,고조되는 음악
982.458,983.417,R091-S01-T001-U000376,[힘주는 소리],,힘주는 소리
983.5,984.375,R091-S01-T001-U000377,[당황한 숨소리],,당황한 숨소리
988.208,989.167,R091-S01-T001-U000378,으쌰!,으쌰 !,으쌰 !
989.958,991.75,R091-S01-T001-U000379,[헉헉댄다][의아한 신음],,헉헉댄다 의아한 신음
992.75,993.958,R091-S01-T001-U000380,[질겁하는 숨소리],,질겁하는 숨소리
994.542,995.75,R091-S01-T001-U000381,[의미심장한 효과음],,의미심장한 효과음
997.375,999.0,R091-S01-T001-U000382,[오싹한 음악],,오싹한 음악
1006.625,1008.042,R091-S01-T001-U000383,[레드의 비명],,레드의 비명
1008.667,1009.542,R091-S01-T001-U000384,[겁먹은 신음],,겁먹은 신음
1009.625,1011.0,R091-S01-T001-U000385,[힘주는 신음],,힘주는 신음
1011.625,1012.458,R091-S01-T001-U000386,[당황한 신음],,당황한 신음
1014.417,1015.5,R091-S01-T001-U000387,[비명],,비명
1015.583,1016.417,R091-S01-T001-U000388,[버둥대는 신음],,버둥대는 신음
1016.5,1018.083,R091-S01-T001-U000389,[힘주는 소리],,힘주는 소리
1018.167,1019.417,R091-S01-T001-U000390,[당황한 숨소리],,당황한 숨소리
1019.5,1020.792,R091-S01-T001-U000391,[새된 비명],,새된 비명
1024.042,1025.75,R091-S01-T001-U000392,[계속 비명이 이어진다],,계속 비명이 이어진다
1029.458,1030.583,R091-S01-T001-U000393,[섬뜩한 효과음],,섬뜩한 효과음
1031.417,1032.625,R091-S01-T001-U000394,[긴장되는 음악][놀란 신음],,긴장되는 음악 놀란 신음
1032.708,1033.542,R091-S01-T001-U000395,[의아한 신음],,의아한 신음
1034.125,1035.292,R091-S01-T001-U000396,[벌레들이 시끄럽다],,벌레들이 시끄럽다
1036.25,1037.292,R091-S01-T001-U000397,[함께 애쓴다],,함께 애쓴다
1037.375,1039.917,R091-S01-T001-U000398,[옐로우의 좌절한 신음][벌이 계속 애쓴다],,옐로우의 좌절한 신음 벌이 계속 애쓴다
1041.375,1042.25,R091-S01-T001-U000399,[힘주는 소리],,힘주는 소리
1042.75,1043.625,R091-S01-T001-U000400,[당황한 숨소리],,당황한 숨소리
1047.292,1048.25,R091-S01-T001-U000401,[레드의 비명],,레드의 비명
1048.833,1050.167,R091-S01-T001-U000402,[구두 소리],,구두 소리
1050.25,1051.667,R091-S01-T001-U000403,[겁먹은 숨소리],,겁먹은 숨소리
1051.75,1053.042,R091-S01-T001-U000404,[겁먹은 숨소리가 이어진다],,겁먹은 숨소리가 이어진다
1060.0,1061.292,R091-S01-T001-U000405,[옐로우가 코를 킁킁댄다],,옐로우가 코를 킁킁댄다
1062.125,1063.667,R091-S01-T001-U000406,[고양이가 가르릉 운다],,고양이가 가르릉 운다
1066.125,1067.417,R091-S01-T001-U000407,[레드가 비명을 지른다],,레드가 비명을 지른다
1068.625,1069.75,R091-S01-T001-U000408,[레드의 다급한 신음],,레드의 다급한 신음
1069.833,1070.833,R091-S01-T001-U000409,[방울 소리],,방울 소리
1071.458,1072.667,R091-S01-T001-U000410,[고양이가 쩝쩝거린다],,고양이가 쩝쩝거린다
1072.75,1074.167,R091-S01-T001-U000411,[스릴 넘치는 음악],,스릴 넘치는 음악
1076.208,1077.5,R091-S01-T001-U000412,[헉헉거린다],,헉헉거린다
1079.042,1080.042,R091-S01-T001-U000413,어?,어 ?,어 ?
1080.125,1081.625,R091-S01-T001-U000414,[두려움에 떠는 신음],,두려움에 떠는 신음
1081.708,1083.625,R091-S01-T001-U000415,[떨리는 신음][기겁한 신음],,떨리는 신음 기겁한 신음
1085.792,1087.0,R091-S01-T001-U000416,[벌의 떨리는 숨소리],,벌의 떨리는 숨소리
1087.083,1088.417,R091-S01-T001-U000417,[섬뜩한 음악],,섬뜩한 음악
1090.75,1091.917,R091-S01-T001-U000418,[벌이 끽끽댄다],,벌이 끽끽댄다
1092.542,1093.417,R091-S01-T001-U000419,[버튼 조작음],,버튼 조작음
1095.917,1096.917,R091-S01-T001-U000420,[고조되는 음악],,고조되는 음악
1097.0,1098.417,R091-S01-T001-U000421,[남자 1의 애원하는 신음],,남자 의 애원하는 신음
1102.083,1103.833,R091-S01-T001-U000422,[요란한 기계 작동음],,요란한 기계 작동음
1103.917,1106.625,R091-S01-T001-U000423,[레드가 숨을 헐떡인다],,레드가 숨을 헐떡인다
1112.667,1113.792,R091-S01-T001-U000424,[모니터 비프음],,모니터 비프음
1119.792,1121.333,R091-S01-T001-U000425,[기계가 쉭쉭댄다],,기계가 쉭쉭댄다
1126.25,1127.833,R091-S01-T001-U000426,[우스꽝스러운 효과음][기계 종료음],,우스꽝스러운 효과음 기계 종료음
1129.375,1130.5,R091-S01-T001-U000427,[한숨 쉰다],,한숨 쉰다
1130.583,1131.417,R091-S01-T001-U000428,[포효한다],,포효한다
1131.5,1132.375,R091-S01-T001-U000429,[깔깔댄다],,깔깔댄다
1132.458,1133.792,R091-S01-T001-U000430,[구두 소리][놀란 신음],,구두 소리 놀란 신음
1135.375,1136.25,R091-S01-T001-U000431,[놀란 신음],,놀란 신음
1136.333,1137.292,R091-S01-T001-U000432,[비명을 지른다],,비명을 지른다
1137.875,1138.833,R091-S01-T001-U000433,오!,오 !,오 !
1138.917,1139.917,R091-S01-T001-U000434,[날렵한 신음],,날렵한 신음
1140.0,1142.042,R091-S01-T001-U000435,[깔깔거리며 뿡뿡댄다],,깔깔거리며 뿡뿡댄다
1143.833,1144.958,R091-S01-T001-U000436,[겁먹은 신음],,겁먹은 신음
1145.042,1145.958,R091-S01-T001-U000437,[옐로우 힘주는 소리],,옐로우 힘주는 소리
1146.458,1147.833,R091-S01-T001-U000438,[남자 1의 성난 신음][옐로우의 신음],,남자 의 성난 신음 옐로우의 신음
1147.917,1148.75,R091-S01-T001-U000439,(옐로우) 에잇!,에잇 !,옐로우 에잇 !
1148.833,1150.125,R091-S01-T001-U000440,[딩동][옐로우의 놀란 숨소리],,딩동 옐로우의 놀란 숨소리
1153.458,1154.792,R091-S01-T001-U000441,[남자 1이 환호한다],,남자 이 환호한다
1156.583,1158.625,R091-S01-T001-U000442,[뛰어가는 발소리][고양이가 가르릉 운다],,뛰어가는 발소리 고양이가 가르릉 운다
1159.458,1160.292,R091-S01-T001-U000443,[흐느낀다],,흐느낀다
1160.375,1161.458,R091-S01-T001-U000444,[겁먹은 숨소리],,겁먹은 숨소리
1161.958,1162.792,R091-S01-T001-U000445,[의아한 신음],,의아한 신음
1162.875,1164.5,R091-S01-T001-U000446,[기쁜 숨소리][잔잔한 음악],,기쁜 숨소리 잔잔한 음악
1165.458,1166.292,R091-S01-T001-U000447,[감격한 숨소리],,감격한 숨소리
1167.042,1168.792,R091-S01-T001-U000448,[라바들이 힘주는 소리],,라바들이 힘주는 소리
1168.875,1169.917,R091-S01-T001-U000449,[레드가 헉헉댄다],,레드가 헉헉댄다
1170.417,1171.458,R091-S01-T001-U000450,[함께 훌쩍인다],,함께 훌쩍인다
1171.542,1172.875,R091-S01-T001-U000451,[함께 웃는다],,함께 웃는다
1172.958,1174.0,R091-S01-T001-U000452,[옐로우의 생각난 신음],,옐로우의 생각난 신음
1174.083,1175.25,R091-S01-T001-U000453,[레드의 놀란 신음],,레드의 놀란 신음
1181.958,1182.958,R091-S01-T001-U000454,[옐로우가 수긍한다],,옐로우가 수긍한다
1184.167,1185.833,R091-S01-T001-U000455,[함께 놀란다][신비로운 효과음],,함께 놀란다 신비로운 효과음
1185.917,1187.0,R091-S01-T001-U000456,[라바들이 후다닥댄다],,라바들이 후다닥댄다
1187.083,1188.792,R091-S01-T001-U000457,[함께 숨을 헐떡인다],,함께 숨을 헐떡인다
1189.417,1191.417,R091-S01-T001-U000458,[고양이가 가르릉 운다],,고양이가 가르릉 운다
1192.625,1194.292,R091-S01-T001-U000459,[흥미로운 음악],,흥미로운 음악
1194.375,1195.583,R091-S01-T001-U000460,"오, 오![레드가 동의한다]","오 , 오 !","오 , 오 ! 레드가 동의한다"
1205.542,1206.5,R091-S01-T001-U000461,[옐로우의 옅은 신음],,옐로우의 옅은 신음
1207.083,1208.708,R091-S01-T001-U000462,[옐로우의 다급한 숨소리],,옐로우의 다급한 숨소리
1210.75,1212.375,R091-S01-T001-U000463,[레드의 힘주는 소리],,레드의 힘주는 소리
1215.167,1216.042,R091-S01-T001-U000464,[말리는 신음],,말리는 신음
1217.542,1219.167,R091-S01-T001-U000465,[비명을 지른다],,비명을 지른다
1219.25,1221.708,R091-S01-T001-U000466,[신비한 효과음][레드와 망고의 놀란 신음],,신비한 효과음 레드와 망고의 놀란 신음
1223.167,1224.167,R091-S01-T001-U000467,[레드의 신음],,레드의 신음
1224.25,1225.958,R091-S01-T001-U000468,[옐로우의 당황한 숨소리],,옐로우의 당황한 숨소리
1226.917,1228.458,R091-S01-T001-U000469,[고양이의 새된 울음],,고양이의 새된 울음
1228.542,1229.583,R091-S01-T001-U000470,[놀란 숨소리],,놀란 숨소리
1231.25,1232.875,R091-S01-T001-U000471,[옐로우가 힘준다][레드의 성난 신음],,옐로우가 힘준다 레드의 성난 신음
1232.958,1234.25,R091-S01-T001-U000472,[라바들이 비명을 지른다],,라바들이 비명을 지른다
1236.417,1238.292,R091-S01-T001-U000473,[흥겨운 음악][고양이가 쉭쉭댄다],,흥겨운 음악 고양이가 쉭쉭댄다
1242.042,1243.25,R091-S01-T001-U000474,[옐로우의 힘겨운 신음],,옐로우의 힘겨운 신음
1244.458,1246.417,R091-S01-T001-U000475,[레드의 다급한 숨소리][고양이의 새된 울음],,레드의 다급한 숨소리 고양이의 새된 울음
1246.5,1248.125,R091-S01-T001-U000476,[라바들이 절규한다],,라바들이 절규한다
1251.125,1252.042,R091-S01-T001-U000477,[고양이의 새된 울음],,고양이의 새된 울음
1256.708,1257.792,R091-S01-T001-U000478,[라바들의 비명],,라바들의 비명
1257.875,1258.917,R091-S01-T001-U000479,[라바들이 헐떡댄다],,라바들이 헐떡댄다
1262.375,1263.208,R091-S01-T001-U000480,[새된 울음],,새된 울음
1264.083,1265.292,R091-S01-T001-U000481,[기합],,기합
1268.75,1269.708,R091-S01-T001-U000482,[옐로우의 고함],,옐로우의 고함
1272.75,1274.708,R091-S01-T001-U000483,[활기찬 음악][라바들이 헐떡댄다],,활기찬 음악 라바들이 헐떡댄다
1278.042,1279.042,R091-S01-T001-U000484,[새된 울음],,새된 울음
1282.792,1284.208,R091-S01-T001-U000485,[라바들이 낄낄댄다],,라바들이 낄낄댄다
1286.208,1287.208,R091-S01-T001-U000486,[트림한다][방귀 뀐다],,트림한다 방귀 뀐다
1287.708,1289.25,R091-S01-T001-U000487,[라바들이 계속 웃는다][새된 울음],,라바들이 계속 웃는다 새된 울음
1293.5,1294.375,R091-S01-T001-U000488,[당황한 신음],,당황한 신음
1294.958,1295.792,R091-S01-T001-U000489,[놀란 신음],,놀란 신음
1295.875,1297.583,R091-S01-T001-U000490,[라바들이 비명을 지른다],,라바들이 비명을 지른다
1300.375,1301.917,R091-S01-T001-U000491,[늘어지는 효과음][비명],,늘어지는 효과음 비명
1302.875,1304.958,R091-S01-T001-U000492,[레드가 힘준다][옐로우의 신음],,레드가 힘준다 옐로우의 신음
1305.917,1307.542,R091-S01-T001-U000493,[옐로우의 신음][레드의 놀란 숨소리],,옐로우의 신음 레드의 놀란 숨소리
1308.25,1310.125,R091-S01-T001-U000494,[늘어지는 효과음][옐로우의 절규],,늘어지는 효과음 옐로우의 절규
1313.167,1314.875,R091-S01-T001-U000495,[긴박한 음악],,긴박한 음악
1318.833,1320.208,R091-S01-T001-U000496,[레드의 신음],,레드의 신음
1321.958,1323.5,R091-S01-T001-U000497,[비명을 지른다],,비명을 지른다
1325.125,1326.667,R091-S01-T001-U000498,[망고가 끙끙댄다],,망고가 끙끙댄다
1327.25,1328.625,R091-S01-T001-U000499,[알쏭달쏭한 음악],,알쏭달쏭한 음악
1330.25,1332.0,R091-S01-T001-U000500,[의아한 신음][다급한 신음],,의아한 신음 다급한 신음
1339.708,1341.0,R091-S01-T001-U000501,[헐떡댄다],,헐떡댄다
1342.375,1343.417,R091-S01-T001-U000502,[반짝이는 효과음],,반짝이는 효과음
1345.792,1346.833,R091-S01-T001-U000503,[놀란 숨소리],,놀란 숨소리
1349.083,1350.042,R091-S01-T001-U000504,[의아한 숨소리],,의아한 숨소리
1353.0,1354.792,R091-S01-T001-U000505,[시무룩한 신음][불길한 음악],,시무룩한 신음 불길한 음악
1355.583,1357.167,R091-S01-T001-U000506,[레드의 비명][망고의 놀란 신음],,레드의 비명 망고의 놀란 신음
1358.0,1359.542,R091-S01-T001-U000507,[불안한 숨소리],,불안한 숨소리
1361.958,1363.583,R091-S01-T001-U000508,[레드의 힘주는 소리],,레드의 힘주는 소리
1367.042,1368.125,R091-S01-T001-U000509,[아파하는 신음],,아파하는 신음
1368.208,1369.167,R091-S01-T001-U000510,[성난 신음],,성난 신음
1370.125,1371.375,R091-S01-T001-U000511,[답답한 숨소리],,답답한 숨소리
1374.375,1375.375,R091-S01-T001-U000512,[레드의 힘주는 소리],,레드의 힘주는 소리
1376.708,1377.625,R091-S01-T001-U000513,[한숨],,한숨
1377.708,1378.708,R091-S01-T001-U000514,[놀란 신음],,놀란 신음
1379.458,1380.75,R091-S01-T001-U000515,[부드러운 음악],,부드러운 음악
1381.958,1383.167,R091-S01-T001-U000516,[레드의 얼떨떨한 신음],,레드의 얼떨떨한 신음
1383.25,1384.625,R091-S01-T001-U000517,[신비로운 효과음],,신비로운 효과음
1384.708,1386.5,R091-S01-T001-U000518,[망고의 의아한 신음],,망고의 의아한 신음
1391.75,1392.958,R091-S01-T001-U000519,[함께 놀란 숨소리],,함께 놀란 숨소리
1395.208,1396.625,R091-S01-T001-U000520,[레드의 감격한 숨소리],,레드의 감격한 숨소리
1399.5,1400.625,R091-S01-T001-U000521,[불길한 음악][놀란 신음],,불길한 음악 놀란 신음
1400.708,1401.917,R091-S01-T001-U000522,[망고의 걱정하는 숨소리],,망고의 걱정하는 숨소리
1402.0,1403.125,R091-S01-T001-U000523,[레드의 경악한 숨소리],,레드의 경악한 숨소리
1403.208,1404.208,R091-S01-T001-U000524,[레드가 비명을 지른다],,레드가 비명을 지른다
1405.0,1406.208,R091-S01-T001-U000525,[레드가 콜록댄다],,레드가 콜록댄다
1407.958,1409.875,R091-S01-T001-U000526,[망고의 걱정하는 신음],,망고의 걱정하는 신음
1418.333,1419.625,R091-S01-T001-U000527,[서두르는 숨소리],,서두르는 숨소리
1419.708,1421.042,R091-S01-T001-U000528,[레드가 힘준다],,레드가 힘준다
1421.125,1422.167,R091-S01-T001-U000529,[레드가 헉헉댄다],,레드가 헉헉댄다
1422.25,1423.25,R091-S01-T001-U000530,[레드의 외마디 비명],,레드의 외마디 비명
1426.042,1427.958,R091-S01-T001-U000531,[망고의 기합][아프리카 민속 음악],,망고의 기합 아프리카 민속 음악
1428.042,1429.625,R091-S01-T001-U000532,[괴로운 숨소리],,괴로운 숨소리
1429.708,1430.792,R091-S01-T001-U000533,[망고의 기합],,망고의 기합
1433.75,1434.917,R091-S01-T001-U000534,[괴로운 숨소리],,괴로운 숨소리
1437.0,1438.292,R091-S01-T001-U000535,[심취한 숨소리],,심취한 숨소리
1441.208,1442.667,R091-S01-T001-U000536,[계속 괴로워한다],,계속 괴로워한다
1442.75,1443.792,R091-S01-T001-U000537,[고조되는 음악],,고조되는 음악
1450.625,1451.708,R091-S01-T001-U000538,[심취한 숨소리],,심취한 숨소리
1451.792,1453.0,R091-S01-T001-U000539,[고양이의 새된 울음],,고양이의 새된 울음
1457.0,1458.5,R091-S01-T001-U000540,[레드가 울부짖는다],,레드가 울부짖는다
1458.583,1459.625,R091-S01-T001-U000541,[고통스러운 비명],,고통스러운 비명
1462.0,1463.417,R091-S01-T001-U000542,[신비한 효과음],,신비한 효과음
1469.25,1470.625,R091-S01-T001-U000543,[고통에 찬 신음][강렬한 음악],,고통에 찬 신음 강렬한 음악
1485.25,1486.375,R091-S01-T001-U000544,[폭발음],,폭발음
1492.333,1493.417,R091-S01-T001-U000545,[고양이가 낮게 운다],,고양이가 낮게 운다
1495.917,1498.625,R091-S01-T001-U000546,[웅장한 음악],,웅장한 음악
1505.917,1506.75,R091-S01-T001-U000547,[놀란 숨소리],,놀란 숨소리
1508.708,1509.875,R091-S01-T001-U000548,아![종료 효과음],아 !,아 ! 종료 효과음
1509.958,1511.333,R091-S01-T001-U000549,[트럼펫 효과음][놀란 숨소리],,트럼펫 효과음 놀란 숨소리
1513.875,1515.083,R091-S01-T001-U000550,[어리둥절한 신음],,어리둥절한 신음
1515.667,1517.042,R091-S01-T001-U000551,[긴장된 음악],,긴장된 음악
1517.833,1519.333,R091-S01-T001-U000552,[새된 울음],,새된 울음
1520.25,1521.917,R091-S01-T001-U000553,[고양이의 새된 울음][레드의 비명],,고양이의 새된 울음 레드의 비명
1522.0,1523.167,R091-S01-T001-U000554,[충돌하는 소리][신음],,충돌하는 소리 신음
1523.25,1524.75,R091-S01-T001-U000555,[의아한 신음],,의아한 신음
1524.833,1526.0,R091-S01-T001-U000556,[고양이의 짜증 난 숨소리],,고양이의 짜증 난 숨소리
1526.083,1527.083,R091-S01-T001-U000557,[퍽퍽 소리 효과음],,퍽퍽 소리 효과음
1527.167,1528.167,R091-S01-T001-U000558,[웃음],,웃음
1528.25,1529.583,R091-S01-T001-U000559,[신나는 음악][레드의 기합],,신나는 음악 레드의 기합
1530.375,1532.583,R091-S01-T001-U000560,[레드가 계속 깔깔댄다][고양이 울음],,레드가 계속 깔깔댄다 고양이 울음
1537.292,1538.125,R091-S01-T001-U000561,[레드의 웃음],,레드의 웃음
1538.208,1540.208,R091-S01-T001-U000562,[퍽퍽 소리 효과음],,퍽퍽 소리 효과음
1540.292,1541.75,R091-S01-T001-U000563,[레드의 기합],,레드의 기합
1541.833,1542.667,R091-S01-T001-U000564,[웃음],,웃음
1542.75,1543.625,R091-S01-T001-U000565,[요란한 방귀],,요란한 방귀
1545.875,1547.042,R091-S01-T001-U000566,[고양이의 새된 울음],,고양이의 새된 울음
1548.0,1549.125,R091-S01-T001-U000567,[웃음],,웃음
1549.208,1550.583,R091-S01-T001-U000568,[고양이가 가르릉 운다],,고양이가 가르릉 운다
1550.667,1551.917,R091-S01-T001-U000569,[깔깔 웃는다][의아한 신음],,깔깔 웃는다 의아한 신음
1553.792,1555.083,R091-S01-T001-U000570,[옐로우가 구역질한다],,옐로우가 구역질한다
1555.167,1556.208,R091-S01-T001-U000571,[옐로우가 콜록한다],,옐로우가 콜록한다
1557.042,1558.375,R091-S01-T001-U000572,[웅장한 오페라 곡],,웅장한 오페라 곡
1558.458,1559.292,R091-S01-T001-U000573,[트림한다],,트림한다
1561.542,1562.458,R091-S01-T001-U000574,[레드의 힘주는 소리],,레드의 힘주는 소리
1566.833,1568.083,R091-S01-T001-U000575,[레드가 힘준다],,레드가 힘준다
1570.875,1572.75,R091-S01-T001-U000576,[레드의 괴성],,레드의 괴성
1574.417,1575.958,R091-S01-T001-U000577,[옐로우의 괴성],,옐로우의 괴성
1577.583,1578.583,R091-S01-T001-U000578,[고양이의 옅은 신음],,고양이의 옅은 신음
1578.667,1580.917,R091-S01-T001-U000579,[엘리베이터 도착음],,엘리베이터 도착음
1587.75,1589.25,R091-S01-T001-U000580,[슬픈 음악][레드가 숨을 헐떡인다],,슬픈 음악 레드가 숨을 헐떡인다
1590.417,1592.375,R091-S01-T001-U000581,[옐로우가 끙끙댄다][레드가 흐느낀다],,옐로우가 끙끙댄다 레드가 흐느낀다
1592.958,1594.0,R091-S01-T001-U000582,[옐로우의 옅은 신음],,옐로우의 옅은 신음
1595.708,1597.167,R091-S01-T001-U000583,[옐로우의 콧소리][속상한 신음],,옐로우의 콧소리 속상한 신음
1599.5,1600.375,R091-S01-T001-U000584,[옅은 웃음],,옅은 웃음
1600.917,1601.75,R091-S01-T001-U000585,[맥없는 신음],,맥없는 신음
1603.292,1604.542,R091-S01-T001-U000586,[레드가 통곡한다],,레드가 통곡한다
1606.417,1607.708,R091-S01-T001-U000587,[무거운 음악],,무거운 음악
1610.417,1611.792,R091-S01-T001-U000588,[문이 삐걱거린다],,문이 삐걱거린다
1612.292,1613.458,R091-S01-T001-U000589,[놀란 신음],,놀란 신음
1613.542,1614.708,R091-S01-T001-U000590,[문이 쾅쾅거린다],,문이 쾅쾅거린다
1614.792,1616.167,R091-S01-T001-U000591,[신비로운 효과음],,신비로운 효과음
1617.708,1618.708,R091-S01-T001-U000592,[옐로우의 웃음],,옐로우의 웃음
1618.792,1620.083,R091-S01-T001-U000593,[장엄한 음악],,장엄한 음악
1624.625,1625.75,R091-S01-T001-U000594,[애절한 신음],,애절한 신음
1627.542,1628.708,R091-S01-T001-U000595,[레드의 안타까운 신음],,레드의 안타까운 신음
1631.583,1632.75,R091-S01-T001-U000596,[문이 쾅쾅거린다],,문이 쾅쾅거린다
1633.542,1635.125,R091-S01-T001-U000597,[레드의 놀란 신음][옐로우의 웃음],,레드의 놀란 신음 옐로우의 웃음
1645.5,1646.875,R091-S01-T001-U000598,[결연한 숨소리][고조되는 음악],,결연한 숨소리 고조되는 음악
1646.958,1648.5,R091-S01-T001-U000599,[레드의 기합],,레드의 기합
1648.583,1650.125,R091-S01-T001-U000600,[레드의 분노한 숨소리],,레드의 분노한 숨소리
1654.042,1656.417,R091-S01-T001-U000601,[박진감 넘치는 음악][레드의 기합],,박진감 넘치는 음악 레드의 기합
1668.5,1670.333,R091-S01-T001-U000602,[날카로운 쇳소리 효과음],,날카로운 쇳소리 효과음
1679.333,1680.167,R091-S01-T001-U000603,[기합],,기합
1684.667,1685.667,R091-S01-T001-U000604,[고양이가 쉭쉭댄다],,고양이가 쉭쉭댄다
1686.917,1688.208,R091-S01-T001-U000605,[레드의 기합],,레드의 기합
1689.0,1690.042,R091-S01-T001-U000606,[힘주는 소리],,힘주는 소리
1691.625,1693.167,R091-S01-T001-U000607,[옐로우의 괴성],,옐로우의 괴성
1693.917,1694.875,R091-S01-T001-U000608,[고양이의 옅은 신음],,고양이의 옅은 신음
1694.958,1696.125,R091-S01-T001-U000609,[고조되는 음악],,고조되는 음악
1696.208,1697.208,R091-S01-T001-U000610,[엘리베이터 도착음],,엘리베이터 도착음
1702.292,1703.167,R091-S01-T001-U000611,[레드의 신음],,레드의 신음
1703.25,1705.042,R091-S01-T001-U000612,[옐로우가 끙끙댄다][고양이가 낮게 운다],,옐로우가 끙끙댄다 고양이가 낮게 운다
1705.125,1706.792,R091-S01-T001-U000613,[문이 쾅쾅거린다][레드의 놀란 신음],,문이 쾅쾅거린다 레드의 놀란 신음
1706.875,1708.75,R091-S01-T001-U000614,[레드가 흐느낀다][옐로우의 맥없는 신음],,레드가 흐느낀다 옐로우의 맥없는 신음
1708.833,1710.083,R091-S01-T001-U000615,[레드가 한탄한다],,레드가 한탄한다
1711.917,1712.875,R091-S01-T001-U000616,[장엄한 음악],,장엄한 음악
1713.75,1715.042,R091-S01-T001-U000617,[레드가 울부짖는다],,레드가 울부짖는다
1715.75,1716.792,R091-S01-T001-U000618,[레드의 놀란 숨소리],,레드의 놀란 숨소리
1717.417,1718.708,R091-S01-T001-U000619,[레드가 괴성을 낸다],,레드가 괴성을 낸다
1719.375,1721.042,R091-S01-T001-U000620,[레드가 힘준다],,레드가 힘준다
1721.125,1722.958,R091-S01-T001-U000621,[화끈한 음악][기합],,화끈한 음악 기합
1727.333,1729.417,R091-S01-T001-U000622,[옐로우의 놀란 신음][레드가 괴성을 낸다],,옐로우의 놀란 신음 레드가 괴성을 낸다
1730.25,1731.417,R091-S01-T001-U000623,[레드의 기합],,레드의 기합
1731.5,1732.875,R091-S01-T001-U000624,[옐로우의 당황한 숨소리],,옐로우의 당황한 숨소리
1732.958,1734.417,R091-S01-T001-U000625,[레드의 안간힘 쓰는 신음],,레드의 안간힘 쓰는 신음
1734.5,1736.167,R091-S01-T001-U000626,[레드의 기합][옐로우의 놀란 숨소리],,레드의 기합 옐로우의 놀란 숨소리
1738.333,1739.833,R091-S01-T001-U000627,[콜록댄다][레드가 흐느낀다],,콜록댄다 레드가 흐느낀다
1740.583,1742.292,R091-S01-T001-U000628,[옐로우의 의아한 신음][레드의 웃음],,옐로우의 의아한 신음 레드의 웃음
1742.375,1743.75,R091-S01-T001-U000629,[레드가 힘준다][옐로우의 신음],,레드가 힘준다 옐로우의 신음
1744.417,1745.583,R091-S01-T001-U000630,[문이 쾅쾅거린다],,문이 쾅쾅거린다
1746.625,1747.583,R091-S01-T001-U000631,[함께 놀란다],,함께 놀란다
1747.667,1749.042,R091-S01-T001-U000632,[옐로우의 비명][레드의 웃음],,옐로우의 비명 레드의 웃음
1750.542,1751.625,R091-S01-T001-U000633,[놀란 신음],,놀란 신음
1751.708,1752.542,R091-S01-T001-U000634,[레드의 기합],,레드의 기합
1754.792,1756.375,R091-S01-T001-U000635,[옐로우의 옅은 탄성][밝은 음악],,옐로우의 옅은 탄성 밝은 음악
1758.0,1759.083,R091-S01-T001-U000636,[레드가 깔깔댄다],,레드가 깔깔댄다
1759.917,1761.083,R091-S01-T001-U000637,[함께 하하 웃는다],,함께 하하 웃는다
1766.0,1767.167,R091-S01-T001-U000638,[옐로우가 환호한다],,옐로우가 환호한다
1768.958,1770.292,R091-S01-T001-U000639,[함께 계속 깔깔댄다],,함께 계속 깔깔댄다
1783.292,1784.75,R091-S01-T001-U000640,[웃음소리가 잦아든다],,웃음소리가 잦아든다
1784.833,1785.75,R091-S01-T001-U000641,[옐로우의 웃음소리],,옐로우의 웃음소리
1787.583,1789.417,R091-S01-T001-U000642,(옐로우) 어?[함께 당황한 숨소리],어 ?,옐로우 어 ? 함께 당황한 숨소리
1789.5,1791.417,R091-S01-T001-U000643,[다급한 숨소리],,다급한 숨소리
1791.958,1793.25,R091-S01-T001-U000644,[함께 아우성친다],,함께 아우성친다
1793.75,1794.792,R091-S01-T001-U000645,[레드의 기합],,레드의 기합
1794.875,1796.958,R091-S01-T001-U000646,[옐로우가 코를 훌쩍인다][함께 하하 웃는다],,옐로우가 코를 훌쩍인다 함께 하하 웃는다
1797.458,1798.875,R091-S01-T001-U000647,[함께 비명을 지른다],,함께 비명을 지른다
1800.542,1802.708,R091-S01-T001-U000648,[파도가 잔잔하게 친다][갈매기 울음],,파도가 잔잔하게 친다 갈매기 울음
1804.0,1805.667,R091-S01-T001-U000649,[잔잔한 음악],,잔잔한 음악
1807.75,1808.875,R091-S01-T001-U000650,[레드의 웃음소리],,레드의 웃음소리
1811.042,1812.333,R091-S01-T001-U000651,[흥분한 숨소리],,흥분한 숨소리
1817.25,1818.833,R091-S01-T001-U000652,[의아한 숨소리],,의아한 숨소리
1819.958,1821.208,R091-S01-T001-U000653,[망고가 숨을 헐떡인다],,망고가 숨을 헐떡인다
1823.333,1824.417,R091-S01-T001-U000654,[망고의 놀란 숨소리],,망고의 놀란 숨소리
1825.958,1827.083,R091-S01-T001-U000655,[망고의 기쁜 숨소리],,망고의 기쁜 숨소리
1829.292,1830.417,R091-S01-T001-U000656,[망고의 서두르는 숨소리],,망고의 서두르는 숨소리
1832.0,1834.292,R091-S01-T001-U000657,[기합][힘주는 소리],,기합 힘주는 소리
1835.75,1837.083,R091-S01-T001-U000658,[기쁜 숨소리],,기쁜 숨소리
1838.25,1839.667,R091-S01-T001-U000659,[꽥꽥꽥][모두의 아쉬운 숨소리],,꽥꽥꽥 모두의 아쉬운 숨소리
1843.0,1844.292,R091-S01-T001-U000660,[들뜬 숨소리],,들뜬 숨소리
1854.958,1855.792,R091-S01-T001-U000661,(레드) 이얏!,이얏 !,레드 이얏 !
1856.333,1857.583,R091-S01-T001-U000662,아야,아야,아야
1859.292,1861.0,R091-S01-T001-U000663,[레드의 짜증 난 숨소리],,레드의 짜증 난 숨소리
1864.125,1865.292,R091-S01-T001-U000664,[옐로우의 만족한 숨소리],,옐로우의 만족한 숨소리
1867.292,1868.25,R091-S01-T001-U000665,[옐로우의 웃음],,옐로우의 웃음
1869.042,1870.042,R091-S01-T001-U000666,[옐로우가 힘준다],,옐로우가 힘준다
1871.042,1873.125,R091-S01-T001-U000667,[옐로우의 당황한 숨소리][레드의 비명],,옐로우의 당황한 숨소리 레드의 비명
1877.333,1878.458,R091-S01-T001-U000668,[오묘한 음악][웃음],,오묘한 음악 웃음
1878.542,1880.208,R091-S01-T001-U000669,[옐로우가 낑낑댄다],,옐로우가 낑낑댄다
1880.958,1882.5,R091-S01-T001-U000670,[옐로우의 웃음],,옐로우의 웃음
1882.583,1883.958,R091-S01-T001-U000671,[레드의 성난 신음],,레드의 성난 신음
1884.667,1886.125,R091-S01-T001-U000672,[의아한 신음],,의아한 신음
1886.208,1887.042,R091-S01-T001-U000673,[부엉이가 운다],,부엉이가 운다
1887.125,1889.208,R091-S01-T001-U000674,[라바들이 비명을 지른다],,라바들이 비명을 지른다
1900.167,1901.083,R091-S01-T001-U000675,[부엉이가 운다],,부엉이가 운다
1901.167,1902.417,R091-S01-T001-U000676,[라바들이 소리 지른다],,라바들이 소리 지른다
1903.167,1904.583,R091-S01-T001-U000677,[레드의 괴로운 신음],,레드의 괴로운 신음
1904.667,1906.167,R091-S01-T001-U000678,[옐로우의 걱정하는 숨소리],,옐로우의 걱정하는 숨소리
1907.042,1908.083,R091-S01-T001-U000679,[레드의 옅은 신음],,레드의 옅은 신음
1908.708,1910.25,R091-S01-T001-U000680,[레드의 비명][옐로우가 놀란다],,레드의 비명 옐로우가 놀란다
1910.333,1911.583,R091-S01-T001-U000681,[레드의 신음][옐로우 웃음],,레드의 신음 옐로우 웃음
1911.667,1912.583,R091-S01-T001-U000682,(레드) 으악! 에잇!,으악 ! 에잇 !,레드 으악 ! 에잇 !
1912.667,1913.667,R091-S01-T001-U000683,(옐로우) 어?,어 ?,옐로우 어 ?
1913.75,1914.75,R091-S01-T001-U000684,[비명을 지른다],,비명을 지른다
1914.833,1915.667,R091-S01-T001-U000685,[숨을 몰아쉰다],,숨을 몰아쉰다
1915.75,1916.583,R091-S01-T001-U000686,[놀란 신음],,놀란 신음
1918.0,1919.125,R091-S01-T001-U000687,[공포의 효과음],,공포의 효과음
1920.708,1922.458,R091-S01-T001-U000688,[절규한다],,절규한다
1926.0,1928.292,R091-S01-T001-U000689,[엔딩 주제곡],,엔딩 주제곡
